INSERT INTO `creature_template` (`entry`, `difficulty_entry_1`, `difficulty_entry_2`, `difficulty_entry_3`, `KillCredit1`, `KillCredit2`, `modelid1`, `modelid2`, `modelid3`, `modelid4`, `name`, `subname`, `IconName`, `gossip_menu_id`, `minlevel`, `maxlevel`, `exp`, `faction_A`, `faction_H`, `npcflag`, `speed_walk`, `speed_run`, `scale`, `rank`, `mindmg`, `maxdmg`, `dmgschool`, `attackpower`, `dmg_multiplier`, `baseattacktime`, `rangeattacktime`, `unit_class`, `unit_flags`, `dynamicflags`, `family`, `trainer_type`, `trainer_spell`, `trainer_class`, `trainer_race`, `minrangedmg`, `maxrangedmg`, `rangedattackpower`, `type`, `type_flags`, `lootid`, `pickpocketloot`, `skinloot`, `resistance1`, `resistance2`, `resistance3`, `resistance4`, `resistance5`, `resistance6`, `spell1`, `spell2`, `spell3`, `spell4`, `spell5`, `spell6`, `spell7`, `spell8`, `PetSpellDataId`, `VehicleId`, `mingold`, `maxgold`, `AIName`, `MovementType`, `InhabitType`, `Health_mod`, `Mana_mod`, `Armor_mod`, `RacialLeader`, `questItem1`, `questItem2`, `questItem3`, `questItem4`, `questItem5`, `questItem6`, `movementId`, `RegenHealth`, `equipment_id`, `mechanic_immune_mask`, `flags_extra`, `ScriptName`, `WDBVerified`) VALUES ('500923', '0', '0', '0', '0', '0', '11686', '0', '0', '0', 'Slime Pool', '', '', '0', '80', '80', '0', '14', '14', '0', '0.004', '0.001429', '1', '0', '2', '2', '0', '24', '1', '0', '0', '1', '33685504', '8', '0', '0', '0', '0', '0', '1', '1', '0', '10', '0', '0', '0', '0', '0', '0', '0', '0', '0', '0', '0', '0', '0', '0', '0', '0', '0', '0', '0', '0', '0', '0', '', '0', '3', '1.35', '1', '1', '0', '0', '0', '0', '0', '0', '0', '60', '1', '0', '0', '0', 'mga_slime_pool', '12340');
INSERT INTO `creature_template` (`entry`, `difficulty_entry_1`, `difficulty_entry_2`, `difficulty_entry_3`, `KillCredit1`, `KillCredit2`, `modelid1`, `modelid2`, `modelid3`, `modelid4`, `name`, `subname`, `IconName`, `gossip_menu_id`, `minlevel`, `maxlevel`, `exp`, `faction_A`, `faction_H`, `npcflag`, `speed_walk`, `speed_run`, `scale`, `rank`, `mindmg`, `maxdmg`, `dmgschool`, `attackpower`, `dmg_multiplier`, `baseattacktime`, `rangeattacktime`, `unit_class`, `unit_flags`, `dynamicflags`, `family`, `trainer_type`, `trainer_spell`, `trainer_class`, `trainer_race`, `minrangedmg`, `maxrangedmg`, `rangedattackpower`, `type`, `type_flags`, `lootid`, `pickpocketloot`, `skinloot`, `resistance1`, `resistance2`, `resistance3`, `resistance4`, `resistance5`, `resistance6`, `spell1`, `spell2`, `spell3`, `spell4`, `spell5`, `spell6`, `spell7`, `spell8`, `PetSpellDataId`, `VehicleId`, `mingold`, `maxgold`, `AIName`, `MovementType`, `InhabitType`, `Health_mod`, `Mana_mod`, `Armor_mod`, `RacialLeader`, `questItem1`, `questItem2`, `questItem3`, `questItem4`, `questItem5`, `questItem6`, `movementId`, `RegenHealth`, `equipment_id`, `mechanic_immune_mask`, `flags_extra`, `ScriptName`, `WDBVerified`) VALUES ('500924', '38166', '0', '0', '0', '0', '7858', '0', '0', '0', 'MGA Abomination', '', '', '0', '83', '83', '2', '16', '16', '0', '1', '1.14286', '1', '1', '509', '683', '0', '805', '7.5', '0', '0', '1', '0', '8', '0', '0', '0', '0', '0', '371', '535', '135', '6', '8', '0', '0', '0', '0', '0', '0', '0', '0', '0', '0', '0', '0', '0', '0', '0', '0', '0', '0', '0', '0', '0', '', '0', '3', '20', '1', '1', '0', '0', '0', '0', '0', '0', '0', '0', '1', '0', '8388624', '0', 'npc_mga_abomo', '12340');
UPDATE `creature_template` SET `difficulty_entry_1`='0' WHERE (`entry`='500924');
UPDATE `creature_template` SET `dmg_multiplier`='13' WHERE (`entry`='500924');
INSERT INTO `creature_template` (`entry`, `difficulty_entry_1`, `difficulty_entry_2`, `difficulty_entry_3`, `KillCredit1`, `KillCredit2`, `modelid1`, `modelid2`, `modelid3`, `modelid4`, `name`, `subname`, `IconName`, `gossip_menu_id`, `minlevel`, `maxlevel`, `exp`, `faction_A`, `faction_H`, `npcflag`, `speed_walk`, `speed_run`, `scale`, `rank`, `mindmg`, `maxdmg`, `dmgschool`, `attackpower`, `dmg_multiplier`, `baseattacktime`, `rangeattacktime`, `unit_class`, `unit_flags`, `dynamicflags`, `family`, `trainer_type`, `trainer_spell`, `trainer_class`, `trainer_race`, `minrangedmg`, `maxrangedmg`, `rangedattackpower`, `type`, `type_flags`, `lootid`, `pickpocketloot`, `skinloot`, `resistance1`, `resistance2`, `resistance3`, `resistance4`, `resistance5`, `resistance6`, `spell1`, `spell2`, `spell3`, `spell4`, `spell5`, `spell6`, `spell7`, `spell8`, `PetSpellDataId`, `VehicleId`, `mingold`, `maxgold`, `AIName`, `MovementType`, `InhabitType`, `Health_mod`, `Mana_mod`, `Armor_mod`, `RacialLeader`, `questItem1`, `questItem2`, `questItem3`, `questItem4`, `questItem5`, `questItem6`, `movementId`, `RegenHealth`, `equipment_id`, `mechanic_immune_mask`, `flags_extra`, `ScriptName`, `WDBVerified`) VALUES ('500925', '0', '0', '0', '0', '0', '31119', '0', '0', '0', 'Lord And Master', '', '', '0', '83', '83', '2', '21', '21', '0', '1', '1.21429', '1', '3', '509', '683', '0', '805', '35', '0', '0', '1', '32832', '8', '0', '0', '0', '0', '0', '371', '535', '135', '6', '108', '36612', '0', '0', '0', '0', '0', '0', '0', '0', '0', '0', '0', '0', '0', '0', '0', '0', '0', '0', '0', '0', '', '0', '3', '500', '1', '1', '0', '0', '0', '0', '0', '0', '0', '130', '1', '0', '667893759', '1', 'mga_boss_one', '12340');
UPDATE `creature_template` SET `subname`='of MGAWoW', `dmg_multiplier`='47', `lootid`='0', `Health_mod`='550', `Armor_mod`='1.2', `flags_extra`='0' WHERE (`entry`='500925');
UPDATE `creature_template` SET `scale`='1.5' WHERE (`entry`='500925');
UPDATE `creature_template` SET `faction_A`='14', `faction_H`='14' WHERE (`entry`='500924');
UPDATE `creature_template` SET `faction_A`='14', `faction_H`='14' WHERE (`entry`='500925');
UPDATE `creature_template` SET `unit_flags`='0' WHERE (`entry`='500925');
UPDATE `creature_template` SET `name`='Lord & Master' WHERE (`entry`='500925');
UPDATE `creature_template` SET `baseattacktime`='2000' WHERE (`entry`='500925');
UPDATE `creature_template` SET `baseattacktime`='2000' WHERE (`entry`='500924');
UPDATE `creature_template` SET `modelid1`='30893' WHERE (`entry`='500924');
UPDATE `creature_template` SET `scale`='0.4' WHERE (`entry`='500924');
UPDATE `creature_template` SET `name`='MGA Widow Maker', `subname`='I Kill You!!!!' WHERE (`entry`='500924');
INSERT INTO `creature_template` (`entry`, `difficulty_entry_1`, `difficulty_entry_2`, `difficulty_entry_3`, `KillCredit1`, `KillCredit2`, `modelid1`, `modelid2`, `modelid3`, `modelid4`, `name`, `subname`, `IconName`, `gossip_menu_id`, `minlevel`, `maxlevel`, `exp`, `faction_A`, `faction_H`, `npcflag`, `speed_walk`, `speed_run`, `scale`, `rank`, `mindmg`, `maxdmg`, `dmgschool`, `attackpower`, `dmg_multiplier`, `baseattacktime`, `rangeattacktime`, `unit_class`, `unit_flags`, `dynamicflags`, `family`, `trainer_type`, `trainer_spell`, `trainer_class`, `trainer_race`, `minrangedmg`, `maxrangedmg`, `rangedattackpower`, `type`, `type_flags`, `lootid`, `pickpocketloot`, `skinloot`, `resistance1`, `resistance2`, `resistance3`, `resistance4`, `resistance5`, `resistance6`, `spell1`, `spell2`, `spell3`, `spell4`, `spell5`, `spell6`, `spell7`, `spell8`, `PetSpellDataId`, `VehicleId`, `mingold`, `maxgold`, `AIName`, `MovementType`, `InhabitType`, `Health_mod`, `Mana_mod`, `Armor_mod`, `RacialLeader`, `questItem1`, `questItem2`, `questItem3`, `questItem4`, `questItem5`, `questItem6`, `movementId`, `RegenHealth`, `equipment_id`, `mechanic_immune_mask`, `flags_extra`, `ScriptName`, `WDBVerified`) VALUES ('500926', '0', '0', '0', '0', '0', '27172', '0', '0', '0', 'Snobold Vassal', '', '', '0', '78', '78', '2', '14', '14', '0', '1', '1.19048', '1', '1', '387', '543', '0', '528', '7.5', '0', '0', '1', '33554432', '8', '0', '0', '0', '0', '0', '324', '480', '88', '7', '8', '0', '0', '0', '0', '0', '0', '0', '0', '0', '0', '0', '0', '0', '0', '0', '0', '0', '0', '0', '0', '0', '', '0', '3', '10', '1', '1', '0', '0', '0', '0', '0', '0', '0', '0', '1', '36', '0', '0', 'mob_snobold_vassal', '12340');
UPDATE `creature_template` SET `name`='MGA Grabber', `minlevel`='80', `maxlevel`='83', `dmg_multiplier`='10', `unit_flags`='0', `ScriptName`='' WHERE (`entry`='500926');
UPDATE `creature_template` SET `ScriptName`='mga_mini_add' WHERE (`entry`='500926');
UPDATE `creature_template` SET `name`='MGA Exploder', `subname`='Im Going To Explode' WHERE (`entry`='500926');
INSERT INTO `creature_template` (`entry`, `difficulty_entry_1`, `difficulty_entry_2`, `difficulty_entry_3`, `KillCredit1`, `KillCredit2`, `modelid1`, `modelid2`, `modelid3`, `modelid4`, `name`, `subname`, `IconName`, `gossip_menu_id`, `minlevel`, `maxlevel`, `exp`, `faction_A`, `faction_H`, `npcflag`, `speed_walk`, `speed_run`, `scale`, `rank`, `mindmg`, `maxdmg`, `dmgschool`, `attackpower`, `dmg_multiplier`, `baseattacktime`, `rangeattacktime`, `unit_class`, `unit_flags`, `dynamicflags`, `family`, `trainer_type`, `trainer_spell`, `trainer_class`, `trainer_race`, `minrangedmg`, `maxrangedmg`, `rangedattackpower`, `type`, `type_flags`, `lootid`, `pickpocketloot`, `skinloot`, `resistance1`, `resistance2`, `resistance3`, `resistance4`, `resistance5`, `resistance6`, `spell1`, `spell2`, `spell3`, `spell4`, `spell5`, `spell6`, `spell7`, `spell8`, `PetSpellDataId`, `VehicleId`, `mingold`, `maxgold`, `AIName`, `MovementType`, `InhabitType`, `Health_mod`, `Mana_mod`, `Armor_mod`, `RacialLeader`, `questItem1`, `questItem2`, `questItem3`, `questItem4`, `questItem5`, `questItem6`, `movementId`, `RegenHealth`, `equipment_id`, `mechanic_immune_mask`, `flags_extra`, `ScriptName`, `WDBVerified`) VALUES ('500927', '0', '0', '0', '0', '0', '20023', '0', '0', '0', 'Ameus', 'The Raid Porter', '', '0', '73', '73', '1', '35', '35', '3', '1.2', '1.14286', '0.3', '3', '313', '448', '0', '302', '35', '2000', '0', '2', '3', '8', '0', '0', '0', '0', '0', '276', '411', '44', '7', '0', '0', '0', '0', '0', '0', '0', '0', '0', '0', '0', '0', '0', '0', '0', '0', '0', '0', '0', '0', '0', '0', '', '0', '3', '420', '500', '1', '0', '0', '0', '0', '0', '0', '0', '0', '1', '0', '0', '0', 'npc_mga_voa_port', '12340');
UPDATE `creature_template` SET `ScriptName`='npc_mga_event_start' WHERE (`entry`='500927');
UPDATE `creature_template` SET `name`='MGA PvE Event Master', `subname`='Make Sure You Are Ready!!!' WHERE (`entry`='500927');
INSERT INTO `creature_template` (`entry`, `difficulty_entry_1`, `difficulty_entry_2`, `difficulty_entry_3`, `KillCredit1`, `KillCredit2`, `modelid1`, `modelid2`, `modelid3`, `modelid4`, `name`, `subname`, `IconName`, `gossip_menu_id`, `minlevel`, `maxlevel`, `exp`, `faction_A`, `faction_H`, `npcflag`, `speed_walk`, `speed_run`, `scale`, `rank`, `mindmg`, `maxdmg`, `dmgschool`, `attackpower`, `dmg_multiplier`, `baseattacktime`, `rangeattacktime`, `unit_class`, `unit_flags`, `dynamicflags`, `family`, `trainer_type`, `trainer_spell`, `trainer_class`, `trainer_race`, `minrangedmg`, `maxrangedmg`, `rangedattackpower`, `type`, `type_flags`, `lootid`, `pickpocketloot`, `skinloot`, `resistance1`, `resistance2`, `resistance3`, `resistance4`, `resistance5`, `resistance6`, `spell1`, `spell2`, `spell3`, `spell4`, `spell5`, `spell6`, `spell7`, `spell8`, `PetSpellDataId`, `VehicleId`, `mingold`, `maxgold`, `AIName`, `MovementType`, `InhabitType`, `Health_mod`, `Mana_mod`, `Armor_mod`, `RacialLeader`, `questItem1`, `questItem2`, `questItem3`, `questItem4`, `questItem5`, `questItem6`, `movementId`, `RegenHealth`, `equipment_id`, `mechanic_immune_mask`, `flags_extra`, `ScriptName`, `WDBVerified`) VALUES ('500928', '0', '0', '0', '0', '0', '31165', '0', '0', '0', 'Lord & Master', 'of MGAWoW', '', '0', '83', '83', '2', '14', '14', '0', '1', '1.21429', '1.2', '3', '509', '683', '0', '805', '20', '2000', '0', '1', '0', '8', '0', '0', '0', '0', '0', '371', '535', '135', '6', '108', '0', '0', '0', '0', '0', '0', '0', '0', '0', '0', '0', '0', '0', '0', '0', '0', '0', '0', '0', '0', '0', '', '0', '3', '550', '1', '1.2', '0', '0', '0', '0', '0', '0', '0', '130', '1', '0', '667893759', '0', 'mga_boss_one', '12340');
UPDATE `creature_template` SET `dmg_multiplier`='30' WHERE (`entry`='500928');
UPDATE `creature_template` SET `Health_mod`='750' WHERE (`entry`='500928');
INSERT INTO `creature_template` (`entry`, `difficulty_entry_1`, `difficulty_entry_2`, `difficulty_entry_3`, `KillCredit1`, `KillCredit2`, `modelid1`, `modelid2`, `modelid3`, `modelid4`, `name`, `subname`, `IconName`, `gossip_menu_id`, `minlevel`, `maxlevel`, `exp`, `faction_A`, `faction_H`, `npcflag`, `speed_walk`, `speed_run`, `scale`, `rank`, `mindmg`, `maxdmg`, `dmgschool`, `attackpower`, `dmg_multiplier`, `baseattacktime`, `rangeattacktime`, `unit_class`, `unit_flags`, `dynamicflags`, `family`, `trainer_type`, `trainer_spell`, `trainer_class`, `trainer_race`, `minrangedmg`, `maxrangedmg`, `rangedattackpower`, `type`, `type_flags`, `lootid`, `pickpocketloot`, `skinloot`, `resistance1`, `resistance2`, `resistance3`, `resistance4`, `resistance5`, `resistance6`, `spell1`, `spell2`, `spell3`, `spell4`, `spell5`, `spell6`, `spell7`, `spell8`, `PetSpellDataId`, `VehicleId`, `mingold`, `maxgold`, `AIName`, `MovementType`, `InhabitType`, `Health_mod`, `Mana_mod`, `Armor_mod`, `RacialLeader`, `questItem1`, `questItem2`, `questItem3`, `questItem4`, `questItem5`, `questItem6`, `movementId`, `RegenHealth`, `equipment_id`, `mechanic_immune_mask`, `flags_extra`, `ScriptName`, `WDBVerified`) VALUES ('500929', '0', '0', '0', '0', '0', '30893', '0', '0', '0', 'MGA Widow Maker', 'I Kill You!!!!', '', '0', '83', '83', '2', '14', '14', '0', '1', '1.14286', '0.4', '1', '509', '683', '0', '805', '7.5', '2000', '0', '1', '0', '8', '0', '0', '0', '0', '0', '371', '535', '135', '6', '8', '0', '0', '0', '0', '0', '0', '0', '0', '0', '0', '0', '0', '0', '0', '0', '0', '0', '0', '0', '0', '0', '', '0', '3', '20', '1', '1', '0', '0', '0', '0', '0', '0', '0', '0', '1', '0', '8388624', '0', 'npc_mga_abomo', '12340');
INSERT INTO `creature_template` (`entry`, `difficulty_entry_1`, `difficulty_entry_2`, `difficulty_entry_3`, `KillCredit1`, `KillCredit2`, `modelid1`, `modelid2`, `modelid3`, `modelid4`, `name`, `subname`, `IconName`, `gossip_menu_id`, `minlevel`, `maxlevel`, `exp`, `faction_A`, `faction_H`, `npcflag`, `speed_walk`, `speed_run`, `scale`, `rank`, `mindmg`, `maxdmg`, `dmgschool`, `attackpower`, `dmg_multiplier`, `baseattacktime`, `rangeattacktime`, `unit_class`, `unit_flags`, `dynamicflags`, `family`, `trainer_type`, `trainer_spell`, `trainer_class`, `trainer_race`, `minrangedmg`, `maxrangedmg`, `rangedattackpower`, `type`, `type_flags`, `lootid`, `pickpocketloot`, `skinloot`, `resistance1`, `resistance2`, `resistance3`, `resistance4`, `resistance5`, `resistance6`, `spell1`, `spell2`, `spell3`, `spell4`, `spell5`, `spell6`, `spell7`, `spell8`, `PetSpellDataId`, `VehicleId`, `mingold`, `maxgold`, `AIName`, `MovementType`, `InhabitType`, `Health_mod`, `Mana_mod`, `Armor_mod`, `RacialLeader`, `questItem1`, `questItem2`, `questItem3`, `questItem4`, `questItem5`, `questItem6`, `movementId`, `RegenHealth`, `equipment_id`, `mechanic_immune_mask`, `flags_extra`, `ScriptName`, `WDBVerified`) VALUES ('500930', '0', '0', '0', '0', '0', '31165', '0', '0', '0', 'Lord & Master', 'of MGAWoW', '', '0', '83', '83', '2', '14', '14', '0', '1', '1.21429', '1.2', '3', '509', '683', '0', '805', '30', '2000', '0', '1', '0', '8', '0', '0', '0', '0', '0', '371', '535', '135', '6', '108', '0', '0', '0', '0', '0', '0', '0', '0', '0', '0', '0', '0', '0', '0', '0', '0', '0', '0', '0', '0', '0', '', '0', '3', '750', '1', '1.2', '0', '0', '0', '0', '0', '0', '0', '130', '1', '0', '667893759', '0', 'mga_boss_one', '12340');
UPDATE `creature_template` SET `dmg_multiplier`='45', `Health_mod`='1150' WHERE (`entry`='500930');
INSERT INTO `creature_template` (`entry`, `difficulty_entry_1`, `difficulty_entry_2`, `difficulty_entry_3`, `KillCredit1`, `KillCredit2`, `modelid1`, `modelid2`, `modelid3`, `modelid4`, `name`, `subname`, `IconName`, `gossip_menu_id`, `minlevel`, `maxlevel`, `exp`, `faction_A`, `faction_H`, `npcflag`, `speed_walk`, `speed_run`, `scale`, `rank`, `mindmg`, `maxdmg`, `dmgschool`, `attackpower`, `dmg_multiplier`, `baseattacktime`, `rangeattacktime`, `unit_class`, `unit_flags`, `dynamicflags`, `family`, `trainer_type`, `trainer_spell`, `trainer_class`, `trainer_race`, `minrangedmg`, `maxrangedmg`, `rangedattackpower`, `type`, `type_flags`, `lootid`, `pickpocketloot`, `skinloot`, `resistance1`, `resistance2`, `resistance3`, `resistance4`, `resistance5`, `resistance6`, `spell1`, `spell2`, `spell3`, `spell4`, `spell5`, `spell6`, `spell7`, `spell8`, `PetSpellDataId`, `VehicleId`, `mingold`, `maxgold`, `AIName`, `MovementType`, `InhabitType`, `Health_mod`, `Mana_mod`, `Armor_mod`, `RacialLeader`, `questItem1`, `questItem2`, `questItem3`, `questItem4`, `questItem5`, `questItem6`, `movementId`, `RegenHealth`, `equipment_id`, `mechanic_immune_mask`, `flags_extra`, `ScriptName`, `WDBVerified`) VALUES ('500931', '0', '0', '0', '0', '0', '30893', '0', '0', '0', 'MGA Widow Maker', 'I Kill You!!!!', '', '0', '83', '83', '2', '14', '14', '0', '1', '1.14286', '0.4', '1', '509', '683', '0', '805', '7.5', '2000', '0', '1', '0', '8', '0', '0', '0', '0', '0', '371', '535', '135', '6', '8', '0', '0', '0', '0', '0', '0', '0', '0', '0', '0', '0', '0', '0', '0', '0', '0', '0', '0', '0', '0', '0', '', '0', '3', '23', '1', '1', '0', '0', '0', '0', '0', '0', '0', '0', '1', '0', '8388624', '0', 'npc_mga_abomo', '12340');
UPDATE `creature_template` SET `Health_mod`='28' WHERE (`entry`='500931');
UPDATE `creature_template` SET `unit_flags`='0' WHERE (`entry`='500926');
INSERT INTO `creature_template` (`entry`, `difficulty_entry_1`, `difficulty_entry_2`, `difficulty_entry_3`, `KillCredit1`, `KillCredit2`, `modelid1`, `modelid2`, `modelid3`, `modelid4`, `name`, `subname`, `IconName`, `gossip_menu_id`, `minlevel`, `maxlevel`, `exp`, `faction_A`, `faction_H`, `npcflag`, `speed_walk`, `speed_run`, `scale`, `rank`, `mindmg`, `maxdmg`, `dmgschool`, `attackpower`, `dmg_multiplier`, `baseattacktime`, `rangeattacktime`, `unit_class`, `unit_flags`, `dynamicflags`, `family`, `trainer_type`, `trainer_spell`, `trainer_class`, `trainer_race`, `minrangedmg`, `maxrangedmg`, `rangedattackpower`, `type`, `type_flags`, `lootid`, `pickpocketloot`, `skinloot`, `resistance1`, `resistance2`, `resistance3`, `resistance4`, `resistance5`, `resistance6`, `spell1`, `spell2`, `spell3`, `spell4`, `spell5`, `spell6`, `spell7`, `spell8`, `PetSpellDataId`, `VehicleId`, `mingold`, `maxgold`, `AIName`, `MovementType`, `InhabitType`, `Health_mod`, `Mana_mod`, `Armor_mod`, `RacialLeader`, `questItem1`, `questItem2`, `questItem3`, `questItem4`, `questItem5`, `questItem6`, `movementId`, `RegenHealth`, `equipment_id`, `mechanic_immune_mask`, `flags_extra`, `ScriptName`, `WDBVerified`) VALUES ('500932', '0', '0', '0', '0', '0', '30893', '0', '0', '0', 'Scubable', 'The Event Porter', '', '0', '73', '73', '1', '35', '35', '3', '1.2', '1.14286', '0.2', '3', '313', '448', '0', '302', '35', '2000', '0', '2', '3', '8', '0', '0', '0', '0', '0', '276', '411', '44', '7', '0', '0', '0', '0', '0', '0', '0', '0', '0', '0', '0', '0', '0', '0', '0', '0', '0', '0', '0', '0', '0', '0', '', '0', '3', '420', '500', '1', '0', '0', '0', '0', '0', '0', '0', '0', '1', '0', '0', '0', 'npc_mga_event_port', '12340');



INSERT INTO `script_texts` (`entry`, `content_default`, `type`) VALUES ('-1710000', 'Minions Attack The Intruders', '1');
INSERT INTO `script_texts` (`entry`, `content_default`, `type`) VALUES ('-1710001', 'Minions Assist Me Now, Kill them all!!!!', '1');
INSERT INTO `script_texts` (`entry`, `content_default`) VALUES ('-1710002', 'Die In AoE you NOOBS!');
INSERT INTO `script_texts` VALUES (0, -1710007, 'Burn in my unholy fire, burn baby burn!!!', NULL, NULL, NULL, NULL, NULL, NULL, NULL, NULL, 0, 0, 0, 0, NULL);
INSERT INTO `script_texts` VALUES (0, -1710006, 'No my time here is over, sorry Window Maker', NULL, NULL, NULL, NULL, NULL, NULL, NULL, NULL, 0, 0, 0, 0, NULL);
INSERT INTO `script_texts` VALUES (0, -1710005, 'No No No my Bubble, Damn Cool Downs....', NULL, NULL, NULL, NULL, NULL, NULL, NULL, NULL, 0, 1, 0, 0, NULL);
INSERT INTO `script_texts` VALUES (0, -1710004, 'HAHAHAHA BUBBLE!!!!!', NULL, NULL, NULL, NULL, NULL, NULL, NULL, NULL, 0, 1, 0, 0, NULL);
INSERT INTO `script_texts` VALUES (0, -1710003, 'NAB STORM!!!!!', NULL, NULL, NULL, NULL, NULL, NULL, NULL, NULL, 0, 1, 0, 0, NULL);

DELETE FROM `creature_loot_template` WHERE (`entry`='500925');
DELETE FROM `creature_loot_template` WHERE (`entry`='500928');
DELETE FROM `creature_loot_template` WHERE (`entry`='500930');
INSERT INTO `creature_loot_template` (`entry`, `item`, `mincountOrRef`, `maxcount`) VALUES ('500925', '49426', '2', '2');
INSERT INTO `creature_loot_template` (`entry`, `item`, `mincountOrRef`, `maxcount`) VALUES ('500928', '49426', '3', '3');
INSERT INTO `creature_loot_template` (`entry`, `item`, `mincountOrRef`, `maxcount`) VALUES ('500930', '49426', '4', '4');
INSERT INTO `creature_loot_template` (`entry`, `item`, `ChanceOrQuestChance`) VALUES ('500925', '52027', '20');
INSERT INTO `creature_loot_template` (`entry`, `item`, `ChanceOrQuestChance`) VALUES ('500925', '52030', '20');
INSERT INTO `creature_loot_template` (`entry`, `item`, `ChanceOrQuestChance`) VALUES ('500925', '52026', '20');
INSERT INTO `creature_loot_template` (`entry`, `item`, `ChanceOrQuestChance`) VALUES ('500925', '52029', '20');
INSERT INTO `creature_loot_template` (`entry`, `item`, `ChanceOrQuestChance`) VALUES ('500925', '52025', '20');
INSERT INTO `creature_loot_template` (`entry`, `item`, `ChanceOrQuestChance`) VALUES ('500925', '52028', '20');
INSERT INTO `creature_loot_template` (`entry`, `item`, `ChanceOrQuestChance`) VALUES ('500928', '52027', '33');
INSERT INTO `creature_loot_template` (`entry`, `item`, `ChanceOrQuestChance`) VALUES ('500928', '52030', '33');
INSERT INTO `creature_loot_template` (`entry`, `item`, `ChanceOrQuestChance`) VALUES ('500928', '52026', '33');
INSERT INTO `creature_loot_template` (`entry`, `item`, `ChanceOrQuestChance`) VALUES ('500928', '52029', '33');
INSERT INTO `creature_loot_template` (`entry`, `item`, `ChanceOrQuestChance`) VALUES ('500928', '52025', '33');
INSERT INTO `creature_loot_template` (`entry`, `item`, `ChanceOrQuestChance`) VALUES ('500928', '52028', '33');
INSERT INTO `creature_loot_template` (`entry`, `item`, `ChanceOrQuestChance`) VALUES ('500930', '52027', '50');
INSERT INTO `creature_loot_template` (`entry`, `item`, `ChanceOrQuestChance`) VALUES ('500930', '52030', '50');
INSERT INTO `creature_loot_template` (`entry`, `item`, `ChanceOrQuestChance`) VALUES ('500930', '52026', '50');
INSERT INTO `creature_loot_template` (`entry`, `item`, `ChanceOrQuestChance`) VALUES ('500930', '52029', '50');
INSERT INTO `creature_loot_template` (`entry`, `item`, `ChanceOrQuestChance`) VALUES ('500930', '52025', '50');
INSERT INTO `creature_loot_template` (`entry`, `item`, `ChanceOrQuestChance`) VALUES ('500930', '52028', '50');
UPDATE `creature_template` SET `lootid`='500925' WHERE (`entry`='500925');
UPDATE `creature_template` SET `lootid`='500928' WHERE (`entry`='500928');
UPDATE `creature_template` SET `lootid`='500930' WHERE (`entry`='500930');


INSERT INTO `script_texts` (`entry`, `content_default`) VALUES ('-1710009', 'I HAVE HAD ENOUGH!');
INSERT INTO `script_texts` (`entry`, `content_default`) VALUES ('-1710010', 'Mistress i killed one for you');
INSERT INTO `script_texts` (`entry`, `content_default`) VALUES ('-1710011', 'Back to the graveyard for you.');

UPDATE `creature_template` SET `mingold`='100000000', `maxgold`='150000000' WHERE (`entry`='500925');
UPDATE `creature_template` SET `mingold`='300000000', `maxgold`='350000000' WHERE (`entry`='500928');
UPDATE `creature_template` SET `mingold`='500000000', `maxgold`='550000000' WHERE (`entry`='500930');

INSERT INTO `creature_loot_template` VALUES (500925, 1, 100, 1, 0, -34230, 2);
INSERT INTO `creature_loot_template` VALUES (500925, 49426, 100, 1, 0, 2, 2);
INSERT INTO `creature_loot_template` VALUES (500925, 1, 100, 1, 0, -34231, 2);
INSERT INTO `creature_loot_template` VALUES (500925, 49426, 100, 1, 0, 2, 2);
INSERT INTO `creature_loot_template` VALUES (500925, 1, 100, 1, 0, -34242, 3);
INSERT INTO `creature_loot_template` VALUES (500925, 49426, 100, 1, 0, 2, 2);
INSERT INTO `creature_loot_template` VALUES (500925, 49908, 38, 1, 0, 1, 1);
INSERT INTO `creature_loot_template` VALUES (500925, 50274, 38, 1, 0, 1, 1);
INSERT INTO `creature_loot_template` VALUES (500925, 1, 100, 1, 0, -34243, 3);
INSERT INTO `creature_loot_template` VALUES (500925, 49426, 100, 1, 0, 2, 2);
INSERT INTO `creature_loot_template` VALUES (500925, 49908, 38, 1, 0, 1, 1);
INSERT INTO `creature_loot_template` VALUES (500925, 50274, 38, 1, 0, 1, 1);
INSERT INTO `creature_loot_template` VALUES (500928, 1, 100, 1, 0, -34230, 2);
INSERT INTO `creature_loot_template` VALUES (500928, 49426, 100, 1, 0, 2, 2);
INSERT INTO `creature_loot_template` VALUES (500928, 1, 100, 1, 0, -34231, 2);
INSERT INTO `creature_loot_template` VALUES (500928, 49426, 100, 1, 0, 2, 2);
INSERT INTO `creature_loot_template` VALUES (500928, 1, 100, 1, 0, -34242, 3);
INSERT INTO `creature_loot_template` VALUES (500928, 49426, 100, 1, 0, 2, 2);
INSERT INTO `creature_loot_template` VALUES (500928, 49908, 38, 1, 0, 1, 1);
INSERT INTO `creature_loot_template` VALUES (500928, 50274, 38, 1, 0, 1, 1);
INSERT INTO `creature_loot_template` VALUES (500928, 1, 100, 1, 0, -34243, 3);
INSERT INTO `creature_loot_template` VALUES (500928, 49426, 100, 1, 0, 2, 2);
INSERT INTO `creature_loot_template` VALUES (500928, 49908, 38, 1, 0, 1, 1);
INSERT INTO `creature_loot_template` VALUES (500928, 50274, 38, 1, 0, 1, 1);
INSERT INTO `creature_loot_template` VALUES (500930, 1, 100, 1, 0, -34230, 2);
INSERT INTO `creature_loot_template` VALUES (500930, 49426, 100, 1, 0, 2, 2);
INSERT INTO `creature_loot_template` VALUES (500930, 1, 100, 1, 0, -34231, 2);
INSERT INTO `creature_loot_template` VALUES (500930, 49426, 100, 1, 0, 2, 2);
INSERT INTO `creature_loot_template` VALUES (500930, 1, 100, 1, 0, -34242, 3);
INSERT INTO `creature_loot_template` VALUES (500930, 49426, 100, 1, 0, 2, 2);
INSERT INTO `creature_loot_template` VALUES (500930, 49908, 38, 1, 0, 1, 1);
INSERT INTO `creature_loot_template` VALUES (500930, 50274, 38, 1, 0, 1, 1);
INSERT INTO `creature_loot_template` VALUES (500930, 1, 100, 1, 0, -34243, 3);
INSERT INTO `creature_loot_template` VALUES (500930, 49426, 100, 1, 0, 2, 2);
INSERT INTO `creature_loot_template` VALUES (500930, 49908, 38, 1, 0, 1, 1);
INSERT INTO `creature_loot_template` VALUES (500930, 50274, 38, 1, 0, 1, 1);


