INSERT INTO creature_template (entry, name, subname, minlevel, maxlevel, faction, npcflag, speed_walk, speed_run, scale, `rank`, dmgschool, BaseAttackTime, RangeAttackTime, unit_class, unit_flags, unit_flags2, dynamicflags, family, type, type_flags, lootid, pickpocketloot, skinloot, PetSpellDataId, VehicleId, mingold, maxgold, AIName, MovementType, HoverHeight, HealthModifier, ManaModifier, DamageModifier, ArmorModifier, ExperienceModifier, RacialLeader, RegenHealth, mechanic_immune_mask, flags_extra, modelid1, modelid2, modelid3, modelid4, difficulty_entry_1, difficulty_entry_2, difficulty_entry_3) VALUES (80002, 'MGA Place Holder 1', 'COMING SOON', 100, 100, 0, 0, 1.1, 1.17, 1, 3, 0, 1500, 2000, 1, 0, 0, 1, 0, 7, 64, 0, 0, 0, 0, 0, 0, 0, 'NullAI', 0, 1, 1, 1, 1, 1, 1, 0, 1, 0, 0, 27605, 0, 0, 0, 0, 0, 0);
INSERT INTO creature_equip_template (ItemID1, ItemID2, ItemID3, CreatureID) VALUES (22691, 0, 0, 80002);
INSERT INTO creature_template_movement (CreatureID, Ground, Swim, Flight) VALUES (80002, 1, 1, 0);


INSERT INTO creature_template (entry, name, subname, minlevel, maxlevel, faction, npcflag, speed_walk, speed_run, scale, `rank`, dmgschool, BaseAttackTime, RangeAttackTime, unit_class, unit_flags, unit_flags2, dynamicflags, family, type, type_flags, lootid, pickpocketloot, skinloot, PetSpellDataId, VehicleId, mingold, maxgold, AIName, MovementType, HoverHeight, HealthModifier, ManaModifier, DamageModifier, ArmorModifier, ExperienceModifier, RacialLeader, RegenHealth, mechanic_immune_mask, flags_extra, modelid1, modelid2, modelid3, modelid4, difficulty_entry_1, difficulty_entry_2, difficulty_entry_3) VALUES (80003, 'MGA Place Holder 1', 'COMING SOON', 100, 100, 0, 0, 1.1, 1.17, 1, 3, 0, 1500, 2000, 1, 0, 0, 1, 0, 7, 64, 0, 0, 0, 0, 0, 0, 0, 'NullAI', 0, 1, 1, 1, 1, 1, 1, 0, 1, 0, 0, 27605, 0, 0, 0, 0, 0, 0);

INSERT INTO creature_equip_template (ItemID1, ItemID2, ItemID3, CreatureID) VALUES (22691, 0, 0, 80003);
INSERT INTO creature_template_movement (CreatureID, Ground, Swim, Flight) VALUES (80003, 1, 1, 0);

INSERT INTO creature_template (entry, name, subname, minlevel, maxlevel, faction, npcflag, speed_walk, speed_run, scale, `rank`, dmgschool, BaseAttackTime, RangeAttackTime, unit_class, unit_flags, unit_flags2, dynamicflags, family, type, type_flags, lootid, pickpocketloot, skinloot, PetSpellDataId, VehicleId, mingold, maxgold, AIName, MovementType, HoverHeight, HealthModifier, ManaModifier, DamageModifier, ArmorModifier, ExperienceModifier, RacialLeader, RegenHealth, mechanic_immune_mask, flags_extra, modelid1, modelid2, modelid3, modelid4, difficulty_entry_1, difficulty_entry_2, difficulty_entry_3) VALUES (80004, 'MGA Place Holder 1', 'COMING SOON', 100, 100, 0, 0, 1.1, 1.17, 1, 3, 0, 1500, 2000, 1, 0, 0, 1, 0, 7, 64, 0, 0, 0, 0, 0, 0, 0, 'NullAI', 0, 1, 1, 1, 1, 1, 1, 0, 1, 0, 0, 27605, 0, 0, 0, 0, 0, 0);

INSERT INTO creature_equip_template (ItemID1, ItemID2, ItemID3, CreatureID) VALUES (22691, 0, 0, 80004);
INSERT INTO creature_template_movement (CreatureID, Ground, Swim, Flight) VALUES (80004, 1, 1, 0);

INSERT INTO creature_template (entry, name, subname, minlevel, maxlevel, faction, npcflag, speed_walk, speed_run, scale, `rank`, dmgschool, BaseAttackTime, RangeAttackTime, unit_class, unit_flags, unit_flags2, dynamicflags, family, type, type_flags, lootid, pickpocketloot, skinloot, PetSpellDataId, VehicleId, mingold, maxgold, AIName, MovementType, HoverHeight, HealthModifier, ManaModifier, DamageModifier, ArmorModifier, ExperienceModifier, RacialLeader, RegenHealth, mechanic_immune_mask, flags_extra, modelid1, modelid2, modelid3, modelid4, difficulty_entry_1, difficulty_entry_2, difficulty_entry_3) VALUES (80005, 'MGA Place Holder 1', 'COMING SOON', 100, 100, 0, 0, 1.1, 1.17, 1, 3, 0, 1500, 2000, 1, 0, 0, 1, 0, 7, 64, 0, 0, 0, 0, 0, 0, 0, 'NullAI', 0, 1, 1, 1, 1, 1, 1, 0, 1, 0, 0, 27605, 0, 0, 0, 0, 0, 0);

INSERT INTO creature_equip_template (ItemID1, ItemID2, ItemID3, CreatureID) VALUES (22691, 0, 0, 80005);
INSERT INTO creature_template_movement (CreatureID, Ground, Swim, Flight) VALUES (80005, 1, 1, 0);

INSERT INTO creature_template (entry, name, subname, minlevel, maxlevel, faction, npcflag, speed_walk, speed_run, scale, `rank`, dmgschool, BaseAttackTime, RangeAttackTime, unit_class, unit_flags, unit_flags2, dynamicflags, family, type, type_flags, lootid, pickpocketloot, skinloot, PetSpellDataId, VehicleId, mingold, maxgold, AIName, MovementType, HoverHeight, HealthModifier, ManaModifier, DamageModifier, ArmorModifier, ExperienceModifier, RacialLeader, RegenHealth, mechanic_immune_mask, flags_extra, modelid1, modelid2, modelid3, modelid4, difficulty_entry_1, difficulty_entry_2, difficulty_entry_3) VALUES (80006, 'MGA Place Holder 1', 'COMING SOON', 100, 100, 0, 0, 1.1, 1.17, 1, 3, 0, 1500, 2000, 1, 0, 0, 1, 0, 7, 64, 0, 0, 0, 0, 0, 0, 0, 'NullAI', 0, 1, 1, 1, 1, 1, 1, 0, 1, 0, 0, 27605, 0, 0, 0, 0, 0, 0);

INSERT INTO creature_equip_template (ItemID1, ItemID2, ItemID3, CreatureID) VALUES (22691, 0, 0, 80006);
INSERT INTO creature_template_movement (CreatureID, Ground, Swim, Flight) VALUES (80006, 1, 1, 0);

INSERT INTO creature_template (entry, name, subname, minlevel, maxlevel, faction, npcflag, speed_walk, speed_run, scale, `rank`, dmgschool, BaseAttackTime, RangeAttackTime, unit_class, unit_flags, unit_flags2, dynamicflags, family, type, type_flags, lootid, pickpocketloot, skinloot, PetSpellDataId, VehicleId, mingold, maxgold, AIName, MovementType, HoverHeight, HealthModifier, ManaModifier, DamageModifier, ArmorModifier, ExperienceModifier, RacialLeader, RegenHealth, mechanic_immune_mask, flags_extra, modelid1, modelid2, modelid3, modelid4, difficulty_entry_1, difficulty_entry_2, difficulty_entry_3) VALUES (80007, 'MGA Place Holder 1', 'COMING SOON', 100, 100, 0, 0, 1.1, 1.17, 1, 3, 0, 1500, 2000, 1, 0, 0, 1, 0, 7, 64, 0, 0, 0, 0, 0, 0, 0, 'NullAI', 0, 1, 1, 1, 1, 1, 1, 0, 1, 0, 0, 27605, 0, 0, 0, 0, 0, 0);

INSERT INTO creature_equip_template (ItemID1, ItemID2, ItemID3, CreatureID) VALUES (22691, 0, 0, 80007);
INSERT INTO creature_template_movement (CreatureID, Ground, Swim, Flight) VALUES (80007, 1, 1, 0);

INSERT INTO creature_template (entry, name, subname, minlevel, maxlevel, faction, npcflag, speed_walk, speed_run, scale, `rank`, dmgschool, BaseAttackTime, RangeAttackTime, unit_class, unit_flags, unit_flags2, dynamicflags, family, type, type_flags, lootid, pickpocketloot, skinloot, PetSpellDataId, VehicleId, mingold, maxgold, AIName, MovementType, HoverHeight, HealthModifier, ManaModifier, DamageModifier, ArmorModifier, ExperienceModifier, RacialLeader, RegenHealth, mechanic_immune_mask, flags_extra, modelid1, modelid2, modelid3, modelid4, difficulty_entry_1, difficulty_entry_2, difficulty_entry_3) VALUES (80008, 'MGA Place Holder 1', 'COMING SOON', 100, 100, 0, 0, 1.1, 1.17, 1, 3, 0, 1500, 2000, 1, 0, 0, 1, 0, 7, 64, 0, 0, 0, 0, 0, 0, 0, 'NullAI', 0, 1, 1, 1, 1, 1, 1, 0, 1, 0, 0, 27605, 0, 0, 0, 0, 0, 0);

INSERT INTO creature_equip_template (ItemID1, ItemID2, ItemID3, CreatureID) VALUES (22691, 0, 0, 80008);
INSERT INTO creature_template_movement (CreatureID, Ground, Swim, Flight) VALUES (80008, 1, 1, 0);

INSERT INTO creature_template (entry, name, subname, minlevel, maxlevel, faction, npcflag, speed_walk, speed_run, scale, `rank`, dmgschool, BaseAttackTime, RangeAttackTime, unit_class, unit_flags, unit_flags2, dynamicflags, family, type, type_flags, lootid, pickpocketloot, skinloot, PetSpellDataId, VehicleId, mingold, maxgold, AIName, MovementType, HoverHeight, HealthModifier, ManaModifier, DamageModifier, ArmorModifier, ExperienceModifier, RacialLeader, RegenHealth, mechanic_immune_mask, flags_extra, modelid1, modelid2, modelid3, modelid4, difficulty_entry_1, difficulty_entry_2, difficulty_entry_3) VALUES (80009, 'MGA Place Holder 1', 'COMING SOON', 100, 100, 0, 0, 1.1, 1.17, 1, 3, 0, 1500, 2000, 1, 0, 0, 1, 0, 7, 64, 0, 0, 0, 0, 0, 0, 0, 'NullAI', 0, 1, 1, 1, 1, 1, 1, 0, 1, 0, 0, 27605, 0, 0, 0, 0, 0, 0);

INSERT INTO creature_equip_template (ItemID1, ItemID2, ItemID3, CreatureID) VALUES (22691, 0, 0, 80009);
INSERT INTO creature_template_movement (CreatureID, Ground, Swim, Flight) VALUES (80009, 1, 1, 0);

INSERT INTO creature_template (entry, name, subname, minlevel, maxlevel, faction, npcflag, speed_walk, speed_run, scale, `rank`, dmgschool, BaseAttackTime, RangeAttackTime, unit_class, unit_flags, unit_flags2, dynamicflags, family, type, type_flags, lootid, pickpocketloot, skinloot, PetSpellDataId, VehicleId, mingold, maxgold, AIName, MovementType, HoverHeight, HealthModifier, ManaModifier, DamageModifier, ArmorModifier, ExperienceModifier, RacialLeader, RegenHealth, mechanic_immune_mask, flags_extra, modelid1, modelid2, modelid3, modelid4, difficulty_entry_1, difficulty_entry_2, difficulty_entry_3) VALUES (80010, 'MGA Place Holder 1', 'COMING SOON', 100, 100, 0, 0, 1.1, 1.17, 1, 3, 0, 1500, 2000, 1, 0, 0, 1, 0, 7, 64, 0, 0, 0, 0, 0, 0, 0, 'NullAI', 0, 1, 1, 1, 1, 1, 1, 0, 1, 0, 0, 27605, 0, 0, 0, 0, 0, 0);

INSERT INTO creature_equip_template (ItemID1, ItemID2, ItemID3, CreatureID) VALUES (22691, 0, 0, 80010);
INSERT INTO creature_template_movement (CreatureID, Ground, Swim, Flight) VALUES (80010, 1, 1, 0);
