INSERT INTO `creature_template` VALUES (501007, 0, 0, 0, 0, 0, 13662, 0, 0, 0, 'Commander Zanneth', '', '', 10256, 80, 80, 2, 1891, 1891, 3, 1, 1.38571, 1, 1, 422, 586, 0, 642, 4.6, 2000, 0, 1, 64, 8, 0, 0, 0, 0, 0, 345, 509, 103, 7, 0, 0, 0, 0, 0, 0, 0, 0, 0, 0, 0, 0, 0, 0, 0, 0, 0, 0, 0, 0, 0, 0, '', 0, 3, 10, 4, 1, 0, 0, 0, 0, 0, 0, 0, 0, 1, 1767, 0, 0, '', 12340);
INSERT INTO `creature_template` VALUES (501008, 0, 0, 0, 0, 0, 13462, 0, 0, 0, 'Commander Dardosh', '', '', 0, 80, 80, 2, 2132, 2132, 3, 1, 1.14286, 1, 1, 422, 586, 0, 642, 4.6, 2000, 0, 1, 64, 8, 0, 0, 0, 0, 0, 345, 509, 103, 7, 0, 0, 0, 0, 0, 0, 0, 0, 0, 0, 0, 0, 0, 0, 0, 0, 0, 0, 0, 0, 0, 0, '', 0, 3, 10, 4, 1, 0, 0, 0, 0, 0, 0, 0, 0, 1, 1770, 0, 0, '', 12340);

INSERT INTO `creature_involvedrelation` (`id`, `quest`) VALUES ('501008', '13156');
INSERT INTO `creature_involvedrelation` (`id`, `quest`) VALUES ('501008', '13195');
INSERT INTO `creature_involvedrelation` (`id`, `quest`) VALUES ('501008', '13154');
INSERT INTO `creature_involvedrelation` (`id`, `quest`) VALUES ('501008', '13196');
INSERT INTO `creature_involvedrelation` (`id`, `quest`) VALUES ('501008', '13222');
INSERT INTO `creature_involvedrelation` (`id`, `quest`) VALUES ('501008', '13197');
INSERT INTO `creature_involvedrelation` (`id`, `quest`) VALUES ('501008', '13177');
INSERT INTO `creature_involvedrelation` (`id`, `quest`) VALUES ('501008', '13179');
INSERT INTO `creature_involvedrelation` (`id`, `quest`) VALUES ('501008', '13186');
INSERT INTO `creature_involvedrelation` (`id`, `quest`) VALUES ('501008', '13181');
INSERT INTO `creature_involvedrelation` (`id`, `quest`) VALUES ('501008', '13153');
INSERT INTO `creature_involvedrelation` (`id`, `quest`) VALUES ('501008', '13198');
INSERT INTO `creature_involvedrelation` (`id`, `quest`) VALUES ('501008', '236');
INSERT INTO `creature_involvedrelation` (`id`, `quest`) VALUES ('501008', '13538');
INSERT INTO `creature_involvedrelation` (`id`, `quest`) VALUES ('501008', '13539');




INSERT INTO `creature_involvedrelation` (`id`, `quest`) VALUES ('501007', '236');
INSERT INTO `creature_involvedrelation` (`id`, `quest`) VALUES ('501007', '13538');
INSERT INTO `creature_involvedrelation` (`id`, `quest`) VALUES ('501007', '13539');
INSERT INTO `creature_involvedrelation` (`id`, `quest`) VALUES ('501007', '13193');
INSERT INTO `creature_involvedrelation` (`id`, `quest`) VALUES ('501007', '13199');
INSERT INTO `creature_involvedrelation` (`id`, `quest`) VALUES ('501007', '13223');
INSERT INTO `creature_involvedrelation` (`id`, `quest`) VALUES ('501007', '13191');
INSERT INTO `creature_involvedrelation` (`id`, `quest`) VALUES ('501007', '13200');
INSERT INTO `creature_involvedrelation` (`id`, `quest`) VALUES ('501007', '13194');
INSERT INTO `creature_involvedrelation` (`id`, `quest`) VALUES ('501007', '13201');
INSERT INTO `creature_involvedrelation` (`id`, `quest`) VALUES ('501007', '13202');
INSERT INTO `creature_involvedrelation` (`id`, `quest`) VALUES ('501007', '13178');
INSERT INTO `creature_involvedrelation` (`id`, `quest`) VALUES ('501007', '13180');
INSERT INTO `creature_involvedrelation` (`id`, `quest`) VALUES ('501007', '13185');
INSERT INTO `creature_involvedrelation` (`id`, `quest`) VALUES ('501007', '13183');
INSERT INTO `creature_involvedrelation` (`id`, `quest`) VALUES ('501007', '13192');

INSERT INTO `creature_questrelation` (`id`, `quest`) VALUES ('501008', '13156');
INSERT INTO `creature_questrelation` (`id`, `quest`) VALUES ('501008', '13195');
INSERT INTO `creature_questrelation` (`id`, `quest`) VALUES ('501008', '13154');
INSERT INTO `creature_questrelation` (`id`, `quest`) VALUES ('501008', '13196');
INSERT INTO `creature_questrelation` (`id`, `quest`) VALUES ('501008', '13222');
INSERT INTO `creature_questrelation` (`id`, `quest`) VALUES ('501008', '13197');
INSERT INTO `creature_questrelation` (`id`, `quest`) VALUES ('501008', '13177');
INSERT INTO `creature_questrelation` (`id`, `quest`) VALUES ('501008', '13179');
INSERT INTO `creature_questrelation` (`id`, `quest`) VALUES ('501008', '13186');
INSERT INTO `creature_questrelation` (`id`, `quest`) VALUES ('501008', '13181');
INSERT INTO `creature_questrelation` (`id`, `quest`) VALUES ('501008', '13153');
INSERT INTO `creature_questrelation` (`id`, `quest`) VALUES ('501008', '13198');
INSERT INTO `creature_questrelation` (`id`, `quest`) VALUES ('501008', '236');
INSERT INTO `creature_questrelation` (`id`, `quest`) VALUES ('501008', '13538');
INSERT INTO `creature_questrelation` (`id`, `quest`) VALUES ('501008', '13539');




INSERT INTO `creature_questrelation` (`id`, `quest`) VALUES ('501007', '236');
INSERT INTO `creature_questrelation` (`id`, `quest`) VALUES ('501007', '13538');
INSERT INTO `creature_questrelation` (`id`, `quest`) VALUES ('501007', '13539');
INSERT INTO `creature_questrelation` (`id`, `quest`) VALUES ('501007', '13193');
INSERT INTO `creature_questrelation` (`id`, `quest`) VALUES ('501007', '13199');
INSERT INTO `creature_questrelation` (`id`, `quest`) VALUES ('501007', '13223');
INSERT INTO `creature_questrelation` (`id`, `quest`) VALUES ('501007', '13191');
INSERT INTO `creature_questrelation` (`id`, `quest`) VALUES ('501007', '13200');
INSERT INTO `creature_questrelation` (`id`, `quest`) VALUES ('501007', '13194');
INSERT INTO `creature_questrelation` (`id`, `quest`) VALUES ('501007', '13201');
INSERT INTO `creature_questrelation` (`id`, `quest`) VALUES ('501007', '13202');
INSERT INTO `creature_questrelation` (`id`, `quest`) VALUES ('501007', '13178');
INSERT INTO `creature_questrelation` (`id`, `quest`) VALUES ('501007', '13180');
INSERT INTO `creature_questrelation` (`id`, `quest`) VALUES ('501007', '13185');
INSERT INTO `creature_questrelation` (`id`, `quest`) VALUES ('501007', '13183');
INSERT INTO `creature_questrelation` (`id`, `quest`) VALUES ('501007', '13192');
